{
    "Montreal": [45.4972159, -73.6103642],
    "San Francisco": [37.7790262, -122.4199061],
    "Remote": [null, null],
    "New York City": [40.7127281, -74.0060152],
    "Houston": [29.7589382, -95.3676974],
    "Waterloo": [42.4979693, -92.3329637],
    "Los Angeles": [34.0536909, -118.2427666],
    "London": [51.5073219, -0.1276474],
    "Toronto": [43.6534817, -79.3839347],
    "Europe": [51, 10],
    "Denver": [39.7392364, -104.9848623],
    "Hong Kong": [22.2793278, 114.1628131],
    "Culver City": [34.0211224, -118.3964665],
    "Austin": [30.2711286, -97.7436995],
    "Miami": [25.7742658, -80.1936589],
    "Silicon Valley": [37.4429964, -122.1545229],
    "Carbondale": [37.7274692, -89.216655],
    "Dublin": [53.3497645, -6.2602732],
    "Calgary": [51.0534234, -114.0625892],
    "Santa Clara": [37.2333253, -121.6846349],
    "Berlin": [52.5170365, 13.3888599],
    "San Diego": [32.7174209, -117.1627714],
    "Brighton": [50.8220399, -0.1374061],
    "Boston": [42.3602534, -71.0582912],
    "Singapore": [40.748736, -73.98486],
    "Vancouver": [49.2608724, -123.1139529],
    "Paris": [48.8566969, 2.3514616],
    "North America": [51.0000002, -109.0000002],
    "Seattle": [47.6038321, -122.3300624]
}
